dataset,repeat,split_id,seed,split_policy,method,variant,lam,sub_dim,eta,tau,smooth_backend,scoring_backend,num_nodes,num_features,num_classes,train_size,val_size,test_size,train_acc,val_acc,test_acc,cg_iters,cg_converged,time_sec,g_0,g_1,g_2,g_3,g_4
actor,0,0,0,geom_gcn_mask_split_id,WhiteBox-HASDC,smooth_plain_residual,0.5,8,0.0,5.0,sparse_cg_equivalent_layer1,smooth_plain_residual,7600,932,5,3648,2432,1520,0.45148026943206787,0.31866776943206787,0.31118419766426086,6,True,67.143,,,,,
actor,0,0,0,geom_gcn_mask_split_id,WhiteBox-HASDC,smooth_plain_residual,1.0,8,0.0,5.0,sparse_cg_equivalent_layer1,smooth_plain_residual,7600,932,5,3648,2432,1520,0.4517543911933899,0.3153782784938812,0.30657893419265747,8,True,3.453,,,,,
actor,0,0,0,geom_gcn_mask_split_id,WhiteBox-HASDC,smooth_plain_residual,3.0,8,0.0,5.0,sparse_cg_equivalent_layer1,smooth_plain_residual,7600,932,5,3648,2432,1520,0.45093202590942383,0.31702303886413574,0.2881578803062439,13,True,4.69,,,,,
actor,0,0,0,geom_gcn_mask_split_id,WhiteBox-HASDC,smooth_plain_residual,5.0,8,0.0,5.0,sparse_cg_equivalent_layer1,smooth_plain_residual,7600,932,5,3648,2432,1520,0.445449560880661,0.3046875,0.28947368264198303,16,True,5.662,,,,,
actor,0,0,0,geom_gcn_mask_split_id,WhiteBox-HASDC,smooth_plain_residual,0.5,12,0.0,5.0,sparse_cg_equivalent_layer1,smooth_plain_residual,7600,932,5,3648,2432,1520,0.4753289520740509,0.3112664520740509,0.30000001192092896,6,True,2.979,,,,,
actor,0,0,0,geom_gcn_mask_split_id,WhiteBox-HASDC,smooth_plain_residual,1.0,12,0.0,5.0,sparse_cg_equivalent_layer1,smooth_plain_residual,7600,932,5,3648,2432,1520,0.4676535129547119,0.31208881735801697,0.2940789461135864,8,True,3.701,,,,,
actor,0,0,0,geom_gcn_mask_split_id,WhiteBox-HASDC,smooth_plain_residual,3.0,12,0.0,5.0,sparse_cg_equivalent_layer1,smooth_plain_residual,7600,932,5,3648,2432,1520,0.4572368562221527,0.3005756437778473,0.27171051502227783,13,True,4.688,,,,,
actor,0,0,0,geom_gcn_mask_split_id,WhiteBox-HASDC,smooth_plain_residual,5.0,12,0.0,5.0,sparse_cg_equivalent_layer1,smooth_plain_residual,7600,932,5,3648,2432,1520,0.45531797409057617,0.29111841320991516,0.27105262875556946,16,True,5.539,,,,,
actor,0,0,0,geom_gcn_mask_split_id,WhiteBox-HASDC,smooth_plain_residual,0.5,16,0.0,5.0,sparse_cg_equivalent_layer1,smooth_plain_residual,7600,932,5,3648,2432,1520,0.49808114767074585,0.30139803886413574,0.2921052575111389,6,True,2.843,,,,,
actor,0,0,0,geom_gcn_mask_split_id,WhiteBox-HASDC,smooth_plain_residual,1.0,16,0.0,5.0,sparse_cg_equivalent_layer1,smooth_plain_residual,7600,932,5,3648,2432,1520,0.4961622953414917,0.3046875,0.2789473831653595,8,True,3.816,,,,,
actor,0,0,0,geom_gcn_mask_split_id,WhiteBox-HASDC,smooth_plain_residual,3.0,16,0.0,5.0,sparse_cg_equivalent_layer1,smooth_plain_residual,7600,932,5,3648,2432,1520,0.4909539520740509,0.29605263471603394,0.2723684310913086,13,True,4.877,,,,,
actor,0,0,0,geom_gcn_mask_split_id,WhiteBox-HASDC,smooth_plain_residual,5.0,16,0.0,5.0,sparse_cg_equivalent_layer1,smooth_plain_residual,7600,932,5,3648,2432,1520,0.4909539520740509,0.29358553886413574,0.2861842215061188,16,True,5.605,,,,,
actor,0,0,0,geom_gcn_mask_split_id,WhiteBox-HASDC,raw_plain_residual,0.0,8,0.0,5.0,none,raw_plain_residual,7600,932,5,3648,2432,1520,0.4479166567325592,0.3149670958518982,0.3105263113975525,0,True,1.023,,,,,
actor,0,0,0,geom_gcn_mask_split_id,WhiteBox-HASDC,raw_plain_residual,0.0,12,0.0,5.0,none,raw_plain_residual,7600,932,5,3648,2432,1520,0.4638157784938812,0.31414473056793213,0.3019736707210541,0,True,1.275,,,,,
actor,0,0,0,geom_gcn_mask_split_id,WhiteBox-HASDC,raw_plain_residual,0.0,16,0.0,5.0,none,raw_plain_residual,7600,932,5,3648,2432,1520,0.48629385232925415,0.30427631735801697,0.3019736707210541,0,True,1.18,,,,,
actor,0,0,0,geom_gcn_mask_split_id,WhiteBox-HASDC,hasdc_channel_select,0.5,8,0.0,5.0,sparse_cg_equivalent_layer1,hasdc_channel_select_plain_residual,7600,932,5,3648,2432,1520,0.45148026943206787,0.31866776943206787,0.31118419766426086,6,True,4.135,0.505,0.5146,0.4678,0.5619,0.4761
actor,0,0,0,geom_gcn_mask_split_id,WhiteBox-HASDC,hasdc_channel_select,1.0,8,0.0,5.0,sparse_cg_equivalent_layer1,hasdc_channel_select_plain_residual,7600,932,5,3648,2432,1520,0.4517543911933899,0.3153782784938812,0.30657893419265747,8,True,4.38,0.5,0.5407,0.4655,0.5828,0.4269
actor,0,0,0,geom_gcn_mask_split_id,WhiteBox-HASDC,hasdc_channel_select,3.0,8,0.0,5.0,sparse_cg_equivalent_layer1,hasdc_channel_select_plain_residual,7600,932,5,3648,2432,1520,0.45093202590942383,0.31702303886413574,0.2881578803062439,13,True,5.259,0.5747,0.5291,0.4701,0.5808,0.4114
actor,0,0,0,geom_gcn_mask_split_id,WhiteBox-HASDC,hasdc_channel_select,5.0,8,0.0,5.0,sparse_cg_equivalent_layer1,hasdc_channel_select_plain_residual,7600,932,5,3648,2432,1520,0.4479166567325592,0.3149670958518982,0.3105263113975525,16,True,6.566,0.6135,0.5029,0.4724,0.5619,0.3716
actor,0,0,0,geom_gcn_mask_split_id,WhiteBox-HASDC,hasdc_channel_select,0.5,12,0.0,5.0,sparse_cg_equivalent_layer1,hasdc_channel_select_plain_residual,7600,932,5,3648,2432,1520,0.4638157784938812,0.31414473056793213,0.3019736707210541,6,True,4.474,0.4699,0.5175,0.5345,0.4786,0.4761
actor,0,0,0,geom_gcn_mask_split_id,WhiteBox-HASDC,hasdc_channel_select,1.0,12,0.0,5.0,sparse_cg_equivalent_layer1,hasdc_channel_select_plain_residual,7600,932,5,3648,2432,1520,0.4638157784938812,0.31414473056793213,0.3019736707210541,8,True,5.15,0.4253,0.5204,0.5664,0.4979,0.4504
actor,0,0,0,geom_gcn_mask_split_id,WhiteBox-HASDC,hasdc_channel_select,3.0,12,0.0,5.0,sparse_cg_equivalent_layer1,hasdc_channel_select_plain_residual,7600,932,5,3648,2432,1520,0.4638157784938812,0.31414473056793213,0.3019736707210541,13,True,6.602,0.45,0.4738,0.5391,0.5343,0.4075
actor,0,0,0,geom_gcn_mask_split_id,WhiteBox-HASDC,hasdc_channel_select,5.0,12,0.0,5.0,sparse_cg_equivalent_layer1,hasdc_channel_select_plain_residual,7600,932,5,3648,2432,1520,0.4638157784938812,0.31414473056793213,0.3019736707210541,16,True,6.511,0.5201,0.4942,0.5276,0.5,0.3642
actor,0,0,0,geom_gcn_mask_split_id,WhiteBox-HASDC,hasdc_channel_select,0.5,16,0.0,5.0,sparse_cg_equivalent_layer1,hasdc_channel_select_plain_residual,7600,932,5,3648,2432,1520,0.48629385232925415,0.30427631735801697,0.3019736707210541,6,True,3.967,0.4649,0.5291,0.5276,0.485,0.4702
actor,0,0,0,geom_gcn_mask_split_id,WhiteBox-HASDC,hasdc_channel_select,1.0,16,0.0,5.0,sparse_cg_equivalent_layer1,hasdc_channel_select_plain_residual,7600,932,5,3648,2432,1520,0.4961622953414917,0.3046875,0.2789473831653595,8,True,4.698,0.4749,0.5262,0.5368,0.4551,0.504
actor,0,0,0,geom_gcn_mask_split_id,WhiteBox-HASDC,hasdc_channel_select,3.0,16,0.0,5.0,sparse_cg_equivalent_layer1,hasdc_channel_select_plain_residual,7600,932,5,3648,2432,1520,0.48629385232925415,0.30427631735801697,0.3019736707210541,13,True,5.556,0.4649,0.5551,0.5664,0.4508,0.4249
actor,0,0,0,geom_gcn_mask_split_id,WhiteBox-HASDC,hasdc_channel_select,5.0,16,0.0,5.0,sparse_cg_equivalent_layer1,hasdc_channel_select_plain_residual,7600,932,5,3648,2432,1520,0.48629385232925415,0.30427631735801697,0.3019736707210541,16,True,7.006,0.445,0.5291,0.6153,0.4615,0.3866
actor,0,0,0,geom_gcn_mask_split_id,WhiteBox-HASDC,hasdc_merged,0.5,8,0.0,5.0,sparse_cg_equivalent_layer1,hasdc_merged_plain_residual,7600,932,5,3648,2432,1520,0.4517543911933899,0.31866776943206787,0.31118419766426086,6,True,4.404,0.505,0.5146,0.4678,0.5619,0.4761
actor,0,0,0,geom_gcn_mask_split_id,WhiteBox-HASDC,hasdc_merged,1.0,8,0.0,5.0,sparse_cg_equivalent_layer1,hasdc_merged_plain_residual,7600,932,5,3648,2432,1520,0.44599780440330505,0.3190789520740509,0.30723685026168823,8,True,4.972,0.5,0.5407,0.4655,0.5828,0.4269
actor,0,0,0,geom_gcn_mask_split_id,WhiteBox-HASDC,hasdc_merged,3.0,8,0.0,5.0,sparse_cg_equivalent_layer1,hasdc_merged_plain_residual,7600,932,5,3648,2432,1520,0.4320175349712372,0.3137335479259491,0.30065789818763733,13,True,5.821,0.5747,0.5291,0.4701,0.5808,0.4114
actor,0,0,0,geom_gcn_mask_split_id,WhiteBox-HASDC,hasdc_merged,5.0,8,0.0,5.0,sparse_cg_equivalent_layer1,hasdc_merged_plain_residual,7600,932,5,3648,2432,1520,0.4205043911933899,0.30674341320991516,0.29144737124443054,16,True,6.33,0.6135,0.5029,0.4724,0.5619,0.3716
actor,0,0,0,geom_gcn_mask_split_id,WhiteBox-HASDC,hasdc_merged,0.5,12,0.0,5.0,sparse_cg_equivalent_layer1,hasdc_merged_plain_residual,7600,932,5,3648,2432,1520,0.47066885232925415,0.3096217215061188,0.2993420958518982,6,True,4.328,0.4699,0.5175,0.5345,0.4786,0.4761
actor,0,0,0,geom_gcn_mask_split_id,WhiteBox-HASDC,hasdc_merged,1.0,12,0.0,5.0,sparse_cg_equivalent_layer1,hasdc_merged_plain_residual,7600,932,5,3648,2432,1520,0.46052631735801697,0.31990131735801697,0.3052631616592407,8,True,4.482,0.4253,0.5204,0.5664,0.4979,0.4504
actor,0,0,0,geom_gcn_mask_split_id,WhiteBox-HASDC,hasdc_merged,3.0,12,0.0,5.0,sparse_cg_equivalent_layer1,hasdc_merged_plain_residual,7600,932,5,3648,2432,1520,0.4413377046585083,0.31085526943206787,0.28684210777282715,13,True,5.509,0.45,0.4738,0.5391,0.5343,0.4075
actor,0,0,0,geom_gcn_mask_split_id,WhiteBox-HASDC,hasdc_merged,5.0,12,0.0,5.0,sparse_cg_equivalent_layer1,hasdc_merged_plain_residual,7600,932,5,3648,2432,1520,0.4311951696872711,0.3059210479259491,0.28421053290367126,16,True,6.27,0.5201,0.4942,0.5276,0.5,0.3642
actor,0,0,0,geom_gcn_mask_split_id,WhiteBox-HASDC,hasdc_merged,0.5,16,0.0,5.0,sparse_cg_equivalent_layer1,hasdc_merged_plain_residual,7600,932,5,3648,2432,1520,0.49287280440330505,0.3075657784938812,0.29144737124443054,6,True,4.112,0.4649,0.5291,0.5276,0.485,0.4702
actor,0,0,0,geom_gcn_mask_split_id,WhiteBox-HASDC,hasdc_merged,1.0,16,0.0,5.0,sparse_cg_equivalent_layer1,hasdc_merged_plain_residual,7600,932,5,3648,2432,1520,0.4882127046585083,0.31044408679008484,0.2986842095851898,8,True,4.457,0.4749,0.5262,0.5368,0.4551,0.504
actor,0,0,0,geom_gcn_mask_split_id,WhiteBox-HASDC,hasdc_merged,3.0,16,0.0,5.0,sparse_cg_equivalent_layer1,hasdc_merged_plain_residual,7600,932,5,3648,2432,1520,0.47450658679008484,0.3125,0.28947368264198303,13,True,5.791,0.4649,0.5551,0.5664,0.4508,0.4249
actor,0,0,0,geom_gcn_mask_split_id,WhiteBox-HASDC,hasdc_merged,5.0,16,0.0,5.0,sparse_cg_equivalent_layer1,hasdc_merged_plain_residual,7600,932,5,3648,2432,1520,0.46710526943206787,0.3125,0.27763158082962036,16,True,6.375,0.445,0.5291,0.6153,0.4615,0.3866
actor,1,1,1,geom_gcn_mask_split_id,WhiteBox-HASDC,smooth_plain_residual,0.5,8,0.0,5.0,sparse_cg_equivalent_layer1,smooth_plain_residual,7600,932,5,3648,2432,1520,0.46957236528396606,0.31866776943206787,0.31381580233573914,6,True,2.823,,,,,
actor,1,1,1,geom_gcn_mask_split_id,WhiteBox-HASDC,smooth_plain_residual,1.0,8,0.0,5.0,sparse_cg_equivalent_layer1,smooth_plain_residual,7600,932,5,3648,2432,1520,0.46025219559669495,0.31414473056793213,0.31578946113586426,8,True,3.142,,,,,
actor,1,1,1,geom_gcn_mask_split_id,WhiteBox-HASDC,smooth_plain_residual,3.0,8,0.0,5.0,sparse_cg_equivalent_layer1,smooth_plain_residual,7600,932,5,3648,2432,1520,0.43146929144859314,0.31208881735801697,0.2927631437778473,13,True,4.438,,,,,
actor,1,1,1,geom_gcn_mask_split_id,WhiteBox-HASDC,smooth_plain_residual,5.0,8,0.0,5.0,sparse_cg_equivalent_layer1,smooth_plain_residual,7600,932,5,3648,2432,1520,0.42379385232925415,0.30633223056793213,0.2940789461135864,16,True,5.346,,,,,
actor,1,1,1,geom_gcn_mask_split_id,WhiteBox-HASDC,smooth_plain_residual,0.5,12,0.0,5.0,sparse_cg_equivalent_layer1,smooth_plain_residual,7600,932,5,3648,2432,1520,0.47176533937454224,0.31455591320991516,0.30921053886413574,6,True,2.74,,,,,
actor,1,1,1,geom_gcn_mask_split_id,WhiteBox-HASDC,smooth_plain_residual,1.0,12,0.0,5.0,sparse_cg_equivalent_layer1,smooth_plain_residual,7600,932,5,3648,2432,1520,0.4662829041481018,0.31044408679008484,0.29078948497772217,8,True,3.392,,,,,
actor,1,1,1,geom_gcn_mask_split_id,WhiteBox-HASDC,smooth_plain_residual,3.0,12,0.0,5.0,sparse_cg_equivalent_layer1,smooth_plain_residual,7600,932,5,3648,2432,1520,0.45230263471603394,0.28988486528396606,0.27828946709632874,13,True,4.585,,,,,
actor,1,1,1,geom_gcn_mask_split_id,WhiteBox-HASDC,smooth_plain_residual,5.0,12,0.0,5.0,sparse_cg_equivalent_layer1,smooth_plain_residual,7600,932,5,3648,2432,1520,0.4443530738353729,0.2800164520740509,0.2677631676197052,16,True,4.944,,,,,
actor,1,1,1,geom_gcn_mask_split_id,WhiteBox-HASDC,smooth_plain_residual,0.5,16,0.0,5.0,sparse_cg_equivalent_layer1,smooth_plain_residual,7600,932,5,3648,2432,1520,0.47203946113586426,0.2997532784938812,0.29605263471603394,6,True,2.874,,,,,
actor,1,1,1,geom_gcn_mask_split_id,WhiteBox-HASDC,smooth_plain_residual,1.0,16,0.0,5.0,sparse_cg_equivalent_layer1,smooth_plain_residual,7600,932,5,3648,2432,1520,0.4712170958518982,0.28947368264198303,0.2861842215061188,8,True,3.44,,,,,
actor,1,1,1,geom_gcn_mask_split_id,WhiteBox-HASDC,smooth_plain_residual,3.0,16,0.0,5.0,sparse_cg_equivalent_layer1,smooth_plain_residual,7600,932,5,3648,2432,1520,0.476425439119339,0.28700658679008484,0.2815789580345154,13,True,4.37,,,,,
actor,1,1,1,geom_gcn_mask_split_id,WhiteBox-HASDC,smooth_plain_residual,5.0,16,0.0,5.0,sparse_cg_equivalent_layer1,smooth_plain_residual,7600,932,5,3648,2432,1520,0.460800439119339,0.2775493562221527,0.28486841917037964,16,True,5.382,,,,,
actor,1,1,1,geom_gcn_mask_split_id,WhiteBox-HASDC,raw_plain_residual,0.0,8,0.0,5.0,none,raw_plain_residual,7600,932,5,3648,2432,1520,0.44188597798347473,0.3149670958518982,0.3210526406764984,0,True,0.986,,,,,
actor,1,1,1,geom_gcn_mask_split_id,WhiteBox-HASDC,raw_plain_residual,0.0,12,0.0,5.0,none,raw_plain_residual,7600,932,5,3648,2432,1520,0.45915570855140686,0.31291118264198303,0.3131578862667084,0,True,1.317,,,,,
actor,1,1,1,geom_gcn_mask_split_id,WhiteBox-HASDC,raw_plain_residual,0.0,16,0.0,5.0,none,raw_plain_residual,7600,932,5,3648,2432,1520,0.4775219261646271,0.30016446113586426,0.30460527539253235,0,True,1.098,,,,,
actor,1,1,1,geom_gcn_mask_split_id,WhiteBox-HASDC,hasdc_channel_select,0.5,8,0.0,5.0,sparse_cg_equivalent_layer1,hasdc_channel_select_plain_residual,7600,932,5,3648,2432,1520,0.46957236528396606,0.31866776943206787,0.31381580233573914,6,True,3.985,0.4526,0.5463,0.55,0.5062,0.461
actor,1,1,1,geom_gcn_mask_split_id,WhiteBox-HASDC,hasdc_channel_select,1.0,8,0.0,5.0,sparse_cg_equivalent_layer1,hasdc_channel_select_plain_residual,7600,932,5,3648,2432,1520,0.44188597798347473,0.3149670958518982,0.3210526406764984,8,True,4.404,0.4107,0.5376,0.5772,0.4896,0.4571
actor,1,1,1,geom_gcn_mask_split_id,WhiteBox-HASDC,hasdc_channel_select,3.0,8,0.0,5.0,sparse_cg_equivalent_layer1,hasdc_channel_select_plain_residual,7600,932,5,3648,2432,1520,0.44188597798347473,0.3149670958518982,0.3210526406764984,13,True,5.28,0.37,0.6085,0.4975,0.446,0.5195
actor,1,1,1,geom_gcn_mask_split_id,WhiteBox-HASDC,hasdc_channel_select,5.0,8,0.0,5.0,sparse_cg_equivalent_layer1,hasdc_channel_select_plain_residual,7600,932,5,3648,2432,1520,0.44188597798347473,0.3149670958518982,0.3210526406764984,16,True,6.162,0.3395,0.6249,0.5,0.4564,0.4824
actor,1,1,1,geom_gcn_mask_split_id,WhiteBox-HASDC,hasdc_channel_select,0.5,12,0.0,5.0,sparse_cg_equivalent_layer1,hasdc_channel_select_plain_residual,7600,932,5,3648,2432,1520,0.47176533937454224,0.31455591320991516,0.30921053886413574,6,True,3.874,0.481,0.5,0.51,0.554,0.4571
actor,1,1,1,geom_gcn_mask_split_id,WhiteBox-HASDC,hasdc_channel_select,1.0,12,0.0,5.0,sparse_cg_equivalent_layer1,hasdc_channel_select_plain_residual,7600,932,5,3648,2432,1520,0.45915570855140686,0.31291118264198303,0.3131578862667084,8,True,4.377,0.4526,0.552,0.4475,0.5987,0.4206
actor,1,1,1,geom_gcn_mask_split_id,WhiteBox-HASDC,hasdc_channel_select,3.0,12,0.0,5.0,sparse_cg_equivalent_layer1,hasdc_channel_select_plain_residual,7600,932,5,3648,2432,1520,0.45915570855140686,0.31291118264198303,0.3131578862667084,13,True,5.756,0.4015,0.529,0.5251,0.638,0.2767
actor,1,1,1,geom_gcn_mask_split_id,WhiteBox-HASDC,hasdc_channel_select,5.0,12,0.0,5.0,sparse_cg_equivalent_layer1,hasdc_channel_select_plain_residual,7600,932,5,3648,2432,1520,0.45915570855140686,0.31291118264198303,0.3131578862667084,16,True,6.072,0.3744,0.5376,0.5201,0.6185,0.2628
actor,1,1,1,geom_gcn_mask_split_id,WhiteBox-HASDC,hasdc_channel_select,0.5,16,0.0,5.0,sparse_cg_equivalent_layer1,hasdc_channel_select_plain_residual,7600,932,5,3648,2432,1520,0.4775219261646271,0.30016446113586426,0.30460527539253235,6,True,3.797,0.4763,0.529,0.5226,0.5229,0.4494
actor,1,1,1,geom_gcn_mask_split_id,WhiteBox-HASDC,hasdc_channel_select,1.0,16,0.0,5.0,sparse_cg_equivalent_layer1,hasdc_channel_select_plain_residual,7600,932,5,3648,2432,1520,0.4775219261646271,0.30016446113586426,0.30460527539253235,8,True,4.222,0.4245,0.5145,0.51,0.554,0.413
actor,1,1,1,geom_gcn_mask_split_id,WhiteBox-HASDC,hasdc_channel_select,3.0,16,0.0,5.0,sparse_cg_equivalent_layer1,hasdc_channel_select_plain_residual,7600,932,5,3648,2432,1520,0.4775219261646271,0.30016446113586426,0.30460527539253235,13,True,5.411,0.3834,0.4653,0.4925,0.638,0.3849
actor,1,1,1,geom_gcn_mask_split_id,WhiteBox-HASDC,hasdc_channel_select,5.0,16,0.0,5.0,sparse_cg_equivalent_layer1,hasdc_channel_select_plain_residual,7600,932,5,3648,2432,1520,0.4775219261646271,0.30016446113586426,0.30460527539253235,16,True,6.297,0.37,0.4624,0.4799,0.657,0.3416
actor,1,1,1,geom_gcn_mask_split_id,WhiteBox-HASDC,hasdc_merged,0.5,8,0.0,5.0,sparse_cg_equivalent_layer1,hasdc_merged_plain_residual,7600,932,5,3648,2432,1520,0.4597039520740509,0.32113486528396606,0.31776314973831177,6,True,4.164,0.4526,0.5463,0.55,0.5062,0.461
actor,1,1,1,geom_gcn_mask_split_id,WhiteBox-HASDC,hasdc_merged,1.0,8,0.0,5.0,sparse_cg_equivalent_layer1,hasdc_merged_plain_residual,7600,932,5,3648,2432,1520,0.4599780738353729,0.3252467215061188,0.3131578862667084,8,True,4.391,0.4107,0.5376,0.5772,0.4896,0.4571
actor,1,1,1,geom_gcn_mask_split_id,WhiteBox-HASDC,hasdc_merged,3.0,8,0.0,5.0,sparse_cg_equivalent_layer1,hasdc_merged_plain_residual,7600,932,5,3648,2432,1520,0.4416118562221527,0.31702303886413574,0.31842106580734253,13,True,5.753,0.37,0.6085,0.4975,0.446,0.5195
actor,1,1,1,geom_gcn_mask_split_id,WhiteBox-HASDC,hasdc_merged,5.0,8,0.0,5.0,sparse_cg_equivalent_layer1,hasdc_merged_plain_residual,7600,932,5,3648,2432,1520,0.44490131735801697,0.3149670958518982,0.31842106580734253,16,True,6.189,0.3395,0.6249,0.5,0.4564,0.4824
actor,1,1,1,geom_gcn_mask_split_id,WhiteBox-HASDC,hasdc_merged,0.5,12,0.0,5.0,sparse_cg_equivalent_layer1,hasdc_merged_plain_residual,7600,932,5,3648,2432,1520,0.4676535129547119,0.3162006437778473,0.3151315748691559,6,True,4.339,0.481,0.5,0.51,0.554,0.4571
actor,1,1,1,geom_gcn_mask_split_id,WhiteBox-HASDC,hasdc_merged,1.0,12,0.0,5.0,sparse_cg_equivalent_layer1,hasdc_merged_plain_residual,7600,932,5,3648,2432,1520,0.46436402201652527,0.32072368264198303,0.30921053886413574,8,True,4.618,0.4526,0.552,0.4475,0.5987,0.4206
actor,1,1,1,geom_gcn_mask_split_id,WhiteBox-HASDC,hasdc_merged,3.0,12,0.0,5.0,sparse_cg_equivalent_layer1,hasdc_merged_plain_residual,7600,932,5,3648,2432,1520,0.4476425349712372,0.3149670958518982,0.2947368323802948,13,True,5.965,0.4015,0.529,0.5251,0.638,0.2767
actor,1,1,1,geom_gcn_mask_split_id,WhiteBox-HASDC,hasdc_merged,5.0,12,0.0,5.0,sparse_cg_equivalent_layer1,hasdc_merged_plain_residual,7600,932,5,3648,2432,1520,0.44873902201652527,0.30633223056793213,0.29144737124443054,16,True,6.212,0.3744,0.5376,0.5201,0.6185,0.2628
actor,1,1,1,geom_gcn_mask_split_id,WhiteBox-HASDC,hasdc_merged,0.5,16,0.0,5.0,sparse_cg_equivalent_layer1,hasdc_merged_plain_residual,7600,932,5,3648,2432,1520,0.4802631437778473,0.3018092215061188,0.3013157844543457,6,True,3.896,0.4763,0.529,0.5226,0.5229,0.4494
actor,1,1,1,geom_gcn_mask_split_id,WhiteBox-HASDC,hasdc_merged,1.0,16,0.0,5.0,sparse_cg_equivalent_layer1,hasdc_merged_plain_residual,7600,932,5,3648,2432,1520,0.4698464870452881,0.3046875,0.2927631437778473,8,True,4.378,0.4245,0.5145,0.51,0.554,0.413
actor,1,1,1,geom_gcn_mask_split_id,WhiteBox-HASDC,hasdc_merged,3.0,16,0.0,5.0,sparse_cg_equivalent_layer1,hasdc_merged_plain_residual,7600,932,5,3648,2432,1520,0.4646381437778473,0.30263158679008484,0.2881578803062439,13,True,5.998,0.3834,0.4653,0.4925,0.638,0.3849
actor,1,1,1,geom_gcn_mask_split_id,WhiteBox-HASDC,hasdc_merged,5.0,16,0.0,5.0,sparse_cg_equivalent_layer1,hasdc_merged_plain_residual,7600,932,5,3648,2432,1520,0.4542214870452881,0.2939967215061188,0.2881578803062439,16,True,6.382,0.37,0.4624,0.4799,0.657,0.3416
actor,2,2,2,geom_gcn_mask_split_id,WhiteBox-HASDC,smooth_plain_residual,0.5,8,0.0,5.0,sparse_cg_equivalent_layer1,smooth_plain_residual,7600,932,5,3648,2432,1520,0.46655702590942383,0.33141446113586426,0.3098684251308441,6,True,3.006,,,,,
actor,2,2,2,geom_gcn_mask_split_id,WhiteBox-HASDC,smooth_plain_residual,1.0,8,0.0,5.0,sparse_cg_equivalent_layer1,smooth_plain_residual,7600,932,5,3648,2432,1520,0.46683114767074585,0.3227795958518982,0.3052631616592407,8,True,3.16,,,,,
actor,2,2,2,geom_gcn_mask_split_id,WhiteBox-HASDC,smooth_plain_residual,3.0,8,0.0,5.0,sparse_cg_equivalent_layer1,smooth_plain_residual,7600,932,5,3648,2432,1520,0.45531797409057617,0.29523026943206787,0.2973684072494507,13,True,4.64,,,,,
actor,2,2,2,geom_gcn_mask_split_id,WhiteBox-HASDC,smooth_plain_residual,5.0,8,0.0,5.0,sparse_cg_equivalent_layer1,smooth_plain_residual,7600,932,5,3648,2432,1520,0.4506579041481018,0.28988486528396606,0.30263158679008484,16,True,4.925,,,,,
actor,2,2,2,geom_gcn_mask_split_id,WhiteBox-HASDC,smooth_plain_residual,0.5,12,0.0,5.0,sparse_cg_equivalent_layer1,smooth_plain_residual,7600,932,5,3648,2432,1520,0.49424341320991516,0.32236841320991516,0.316447377204895,6,True,2.62,,,,,
actor,2,2,2,geom_gcn_mask_split_id,WhiteBox-HASDC,smooth_plain_residual,1.0,12,0.0,5.0,sparse_cg_equivalent_layer1,smooth_plain_residual,7600,932,5,3648,2432,1520,0.49040570855140686,0.31825658679008484,0.3019736707210541,8,True,3.475,,,,,
actor,2,2,2,geom_gcn_mask_split_id,WhiteBox-HASDC,smooth_plain_residual,3.0,12,0.0,5.0,sparse_cg_equivalent_layer1,smooth_plain_residual,7600,932,5,3648,2432,1520,0.4750548303127289,0.29851973056793213,0.2874999940395355,13,True,4.309,,,,,
actor,2,2,2,geom_gcn_mask_split_id,WhiteBox-HASDC,smooth_plain_residual,5.0,12,0.0,5.0,sparse_cg_equivalent_layer1,smooth_plain_residual,7600,932,5,3648,2432,1520,0.46820175647735596,0.28741776943206787,0.2861842215061188,16,True,5.166,,,,,
actor,2,2,2,geom_gcn_mask_split_id,WhiteBox-HASDC,smooth_plain_residual,0.5,16,0.0,5.0,sparse_cg_equivalent_layer1,smooth_plain_residual,7600,932,5,3648,2432,1520,0.4898574650287628,0.30797696113586426,0.3151315748691559,6,True,3.017,,,,,
actor,2,2,2,geom_gcn_mask_split_id,WhiteBox-HASDC,smooth_plain_residual,1.0,16,0.0,5.0,sparse_cg_equivalent_layer1,smooth_plain_residual,7600,932,5,3648,2432,1520,0.4871162176132202,0.30263158679008484,0.3019736707210541,8,True,3.311,,,,,
actor,2,2,2,geom_gcn_mask_split_id,WhiteBox-HASDC,smooth_plain_residual,3.0,16,0.0,5.0,sparse_cg_equivalent_layer1,smooth_plain_residual,7600,932,5,3648,2432,1520,0.4819079041481018,0.2878289520740509,0.28947368264198303,13,True,4.396,,,,,
actor,2,2,2,geom_gcn_mask_split_id,WhiteBox-HASDC,smooth_plain_residual,5.0,16,0.0,5.0,sparse_cg_equivalent_layer1,smooth_plain_residual,7600,932,5,3648,2432,1520,0.484375,0.27179276943206787,0.2835526168346405,16,True,5.122,,,,,
actor,2,2,2,geom_gcn_mask_split_id,WhiteBox-HASDC,raw_plain_residual,0.0,8,0.0,5.0,none,raw_plain_residual,7600,932,5,3648,2432,1520,0.45394736528396606,0.3227795958518982,0.3019736707210541,0,True,0.901,,,,,
actor,2,2,2,geom_gcn_mask_split_id,WhiteBox-HASDC,raw_plain_residual,0.0,12,0.0,5.0,none,raw_plain_residual,7600,932,5,3648,2432,1520,0.4893092215061188,0.3162006437778473,0.3118421137332916,0,True,1.181,,,,,
actor,2,2,2,geom_gcn_mask_split_id,WhiteBox-HASDC,raw_plain_residual,0.0,16,0.0,5.0,none,raw_plain_residual,7600,932,5,3648,2432,1520,0.49287280440330505,0.30509868264198303,0.31578946113586426,0,True,1.037,,,,,
actor,2,2,2,geom_gcn_mask_split_id,WhiteBox-HASDC,hasdc_channel_select,0.5,8,0.0,5.0,sparse_cg_equivalent_layer1,hasdc_channel_select_plain_residual,7600,932,5,3648,2432,1520,0.46655702590942383,0.33141446113586426,0.3098684251308441,6,True,4.006,0.514,0.4795,0.5023,0.6015,0.4538
actor,2,2,2,geom_gcn_mask_split_id,WhiteBox-HASDC,hasdc_channel_select,1.0,8,0.0,5.0,sparse_cg_equivalent_layer1,hasdc_channel_select_plain_residual,7600,932,5,3648,2432,1520,0.46683114767074585,0.3227795958518982,0.3052631616592407,8,True,4.465,0.5187,0.4446,0.5069,0.6077,0.4241
actor,2,2,2,geom_gcn_mask_split_id,WhiteBox-HASDC,hasdc_channel_select,3.0,8,0.0,5.0,sparse_cg_equivalent_layer1,hasdc_channel_select_plain_residual,7600,932,5,3648,2432,1520,0.45394736528396606,0.3227795958518982,0.3019736707210541,13,True,5.547,0.6282,0.3417,0.4634,0.6325,0.3353
actor,2,2,2,geom_gcn_mask_split_id,WhiteBox-HASDC,hasdc_channel_select,5.0,8,0.0,5.0,sparse_cg_equivalent_layer1,hasdc_channel_select_plain_residual,7600,932,5,3648,2432,1520,0.45394736528396606,0.3227795958518982,0.3019736707210541,16,True,6.465,0.588,0.4245,0.468,0.5888,0.3089
actor,2,2,2,geom_gcn_mask_split_id,WhiteBox-HASDC,hasdc_channel_select,0.5,12,0.0,5.0,sparse_cg_equivalent_layer1,hasdc_channel_select_plain_residual,7600,932,5,3648,2432,1520,0.49424341320991516,0.32236841320991516,0.316447377204895,6,True,3.66,0.4906,0.4795,0.516,0.561,0.4779
actor,2,2,2,geom_gcn_mask_split_id,WhiteBox-HASDC,hasdc_channel_select,1.0,12,0.0,5.0,sparse_cg_equivalent_layer1,hasdc_channel_select_plain_residual,7600,932,5,3648,2432,1520,0.49040570855140686,0.31825658679008484,0.3019736707210541,8,True,4.164,0.4626,0.4708,0.5411,0.576,0.4399
actor,2,2,2,geom_gcn_mask_split_id,WhiteBox-HASDC,hasdc_channel_select,3.0,12,0.0,5.0,sparse_cg_equivalent_layer1,hasdc_channel_select_plain_residual,7600,932,5,3648,2432,1520,0.4893092215061188,0.3162006437778473,0.3118421137332916,13,True,6.008,0.4813,0.4824,0.5252,0.548,0.3702
actor,2,2,2,geom_gcn_mask_split_id,WhiteBox-HASDC,hasdc_channel_select,5.0,12,0.0,5.0,sparse_cg_equivalent_layer1,hasdc_channel_select_plain_residual,7600,932,5,3648,2432,1520,0.4893092215061188,0.3162006437778473,0.3118421137332916,16,True,6.37,0.4673,0.4795,0.5525,0.5131,0.3353
actor,2,2,2,geom_gcn_mask_split_id,WhiteBox-HASDC,hasdc_channel_select,0.5,16,0.0,5.0,sparse_cg_equivalent_layer1,hasdc_channel_select_plain_residual,7600,932,5,3648,2432,1520,0.4898574650287628,0.30797696113586426,0.3151315748691559,6,True,3.924,0.4441,0.5176,0.5479,0.5219,0.4638
actor,2,2,2,geom_gcn_mask_split_id,WhiteBox-HASDC,hasdc_channel_select,1.0,16,0.0,5.0,sparse_cg_equivalent_layer1,hasdc_channel_select_plain_residual,7600,932,5,3648,2432,1520,0.49287280440330505,0.30509868264198303,0.31578946113586426,8,True,4.191,0.4211,0.4912,0.5388,0.5696,0.43
actor,2,2,2,geom_gcn_mask_split_id,WhiteBox-HASDC,hasdc_channel_select,3.0,16,0.0,5.0,sparse_cg_equivalent_layer1,hasdc_channel_select_plain_residual,7600,932,5,3648,2432,1520,0.49287280440330505,0.30509868264198303,0.31578946113586426,13,True,5.336,0.4211,0.4591,0.5457,0.614,0.3371
actor,2,2,2,geom_gcn_mask_split_id,WhiteBox-HASDC,hasdc_channel_select,5.0,16,0.0,5.0,sparse_cg_equivalent_layer1,hasdc_channel_select_plain_residual,7600,932,5,3648,2432,1520,0.49287280440330505,0.30509868264198303,0.31578946113586426,16,True,6.214,0.4673,0.4388,0.6319,0.5306,0.2661
actor,2,2,2,geom_gcn_mask_split_id,WhiteBox-HASDC,hasdc_merged,0.5,8,0.0,5.0,sparse_cg_equivalent_layer1,hasdc_merged_plain_residual,7600,932,5,3648,2432,1520,0.46408990025520325,0.3305920958518982,0.3197368383407593,6,True,4.127,0.514,0.4795,0.5023,0.6015,0.4538
actor,2,2,2,geom_gcn_mask_split_id,WhiteBox-HASDC,hasdc_merged,1.0,8,0.0,5.0,sparse_cg_equivalent_layer1,hasdc_merged_plain_residual,7600,932,5,3648,2432,1520,0.460800439119339,0.3252467215061188,0.3171052634716034,8,True,4.846,0.5187,0.4446,0.5069,0.6077,0.4241
actor,2,2,2,geom_gcn_mask_split_id,WhiteBox-HASDC,hasdc_merged,3.0,8,0.0,5.0,sparse_cg_equivalent_layer1,hasdc_merged_plain_residual,7600,932,5,3648,2432,1520,0.43969297409057617,0.31825658679008484,0.3059210479259491,13,True,5.639,0.6282,0.3417,0.4634,0.6325,0.3353
actor,2,2,2,geom_gcn_mask_split_id,WhiteBox-HASDC,hasdc_merged,5.0,8,0.0,5.0,sparse_cg_equivalent_layer1,hasdc_merged_plain_residual,7600,932,5,3648,2432,1520,0.4246162176132202,0.3075657784938812,0.3013157844543457,16,True,6.49,0.588,0.4245,0.468,0.5888,0.3089
actor,2,2,2,geom_gcn_mask_split_id,WhiteBox-HASDC,hasdc_merged,0.5,12,0.0,5.0,sparse_cg_equivalent_layer1,hasdc_merged_plain_residual,7600,932,5,3648,2432,1520,0.4895833432674408,0.32606908679008484,0.3190789520740509,6,True,3.721,0.4906,0.4795,0.516,0.561,0.4779
actor,2,2,2,geom_gcn_mask_split_id,WhiteBox-HASDC,hasdc_merged,1.0,12,0.0,5.0,sparse_cg_equivalent_layer1,hasdc_merged_plain_residual,7600,932,5,3648,2432,1520,0.48492324352264404,0.3305920958518982,0.3144736886024475,8,True,4.47,0.4626,0.4708,0.5411,0.576,0.4399
actor,2,2,2,geom_gcn_mask_split_id,WhiteBox-HASDC,hasdc_merged,3.0,12,0.0,5.0,sparse_cg_equivalent_layer1,hasdc_merged_plain_residual,7600,932,5,3648,2432,1520,0.47341009974479675,0.31866776943206787,0.3118421137332916,13,True,5.892,0.4813,0.4824,0.5252,0.548,0.3702
actor,2,2,2,geom_gcn_mask_split_id,WhiteBox-HASDC,hasdc_merged,5.0,12,0.0,5.0,sparse_cg_equivalent_layer1,hasdc_merged_plain_residual,7600,932,5,3648,2432,1520,0.452850878238678,0.3166118562221527,0.30921053886413574,16,True,6.661,0.4673,0.4795,0.5525,0.5131,0.3353
actor,2,2,2,geom_gcn_mask_split_id,WhiteBox-HASDC,hasdc_merged,0.5,16,0.0,5.0,sparse_cg_equivalent_layer1,hasdc_merged_plain_residual,7600,932,5,3648,2432,1520,0.492324560880661,0.31044408679008484,0.3190789520740509,6,True,4.063,0.4441,0.5176,0.5479,0.5219,0.4638
actor,2,2,2,geom_gcn_mask_split_id,WhiteBox-HASDC,hasdc_merged,1.0,16,0.0,5.0,sparse_cg_equivalent_layer1,hasdc_merged_plain_residual,7600,932,5,3648,2432,1520,0.48766446113586426,0.3112664520740509,0.3171052634716034,8,True,4.367,0.4211,0.4912,0.5388,0.5696,0.43
actor,2,2,2,geom_gcn_mask_split_id,WhiteBox-HASDC,hasdc_merged,3.0,16,0.0,5.0,sparse_cg_equivalent_layer1,hasdc_merged_plain_residual,7600,932,5,3648,2432,1520,0.4701206088066101,0.3046875,0.31381580233573914,13,True,5.734,0.4211,0.4591,0.5457,0.614,0.3371
actor,2,2,2,geom_gcn_mask_split_id,WhiteBox-HASDC,hasdc_merged,5.0,16,0.0,5.0,sparse_cg_equivalent_layer1,hasdc_merged_plain_residual,7600,932,5,3648,2432,1520,0.4583333432674408,0.30263158679008484,0.3039473593235016,16,True,6.481,0.4673,0.4388,0.6319,0.5306,0.2661
actor,3,3,3,geom_gcn_mask_split_id,WhiteBox-HASDC,smooth_plain_residual,0.5,8,0.0,5.0,sparse_cg_equivalent_layer1,smooth_plain_residual,7600,932,5,3648,2432,1520,0.4599780738353729,0.3408717215061188,0.3125,6,True,2.734,,,,,
actor,3,3,3,geom_gcn_mask_split_id,WhiteBox-HASDC,smooth_plain_residual,1.0,8,0.0,5.0,sparse_cg_equivalent_layer1,smooth_plain_residual,7600,932,5,3648,2432,1520,0.45504385232925415,0.3322368562221527,0.3171052634716034,8,True,3.56,,,,,
actor,3,3,3,geom_gcn_mask_split_id,WhiteBox-HASDC,smooth_plain_residual,3.0,8,0.0,5.0,sparse_cg_equivalent_layer1,smooth_plain_residual,7600,932,5,3648,2432,1520,0.44490131735801697,0.3096217215061188,0.29605263471603394,13,True,4.355,,,,,
actor,3,3,3,geom_gcn_mask_split_id,WhiteBox-HASDC,smooth_plain_residual,5.0,8,0.0,5.0,sparse_cg_equivalent_layer1,smooth_plain_residual,7600,932,5,3648,2432,1520,0.4336622953414917,0.2927631437778473,0.29539474844932556,16,True,5.001,,,,,
actor,3,3,3,geom_gcn_mask_split_id,WhiteBox-HASDC,smooth_plain_residual,0.5,12,0.0,5.0,sparse_cg_equivalent_layer1,smooth_plain_residual,7600,932,5,3648,2432,1520,0.47094297409057617,0.3231907784938812,0.30460527539253235,6,True,2.821,,,,,
actor,3,3,3,geom_gcn_mask_split_id,WhiteBox-HASDC,smooth_plain_residual,1.0,12,0.0,5.0,sparse_cg_equivalent_layer1,smooth_plain_residual,7600,932,5,3648,2432,1520,0.46820175647735596,0.31208881735801697,0.29605263471603394,8,True,3.233,,,,,
actor,3,3,3,geom_gcn_mask_split_id,WhiteBox-HASDC,smooth_plain_residual,3.0,12,0.0,5.0,sparse_cg_equivalent_layer1,smooth_plain_residual,7600,932,5,3648,2432,1520,0.45476973056793213,0.28824013471603394,0.2973684072494507,13,True,4.345,,,,,
actor,3,3,3,geom_gcn_mask_split_id,WhiteBox-HASDC,smooth_plain_residual,5.0,12,0.0,5.0,sparse_cg_equivalent_layer1,smooth_plain_residual,7600,932,5,3648,2432,1520,0.4402412176132202,0.27384868264198303,0.28223684430122375,16,True,5.201,,,,,
actor,3,3,3,geom_gcn_mask_split_id,WhiteBox-HASDC,smooth_plain_residual,0.5,16,0.0,5.0,sparse_cg_equivalent_layer1,smooth_plain_residual,7600,932,5,3648,2432,1520,0.47094297409057617,0.3153782784938812,0.3125,6,True,3.078,,,,,
actor,3,3,3,geom_gcn_mask_split_id,WhiteBox-HASDC,smooth_plain_residual,1.0,16,0.0,5.0,sparse_cg_equivalent_layer1,smooth_plain_residual,7600,932,5,3648,2432,1520,0.4802631437778473,0.30797696113586426,0.3032894730567932,8,True,3.158,,,,,
actor,3,3,3,geom_gcn_mask_split_id,WhiteBox-HASDC,smooth_plain_residual,3.0,16,0.0,5.0,sparse_cg_equivalent_layer1,smooth_plain_residual,7600,932,5,3648,2432,1520,0.4753289520740509,0.2944079041481018,0.29144737124443054,13,True,4.487,,,,,
actor,3,3,3,geom_gcn_mask_split_id,WhiteBox-HASDC,smooth_plain_residual,5.0,16,0.0,5.0,sparse_cg_equivalent_layer1,smooth_plain_residual,7600,932,5,3648,2432,1520,0.46025219559669495,0.2837170958518982,0.27960526943206787,16,True,4.976,,,,,
actor,3,3,3,geom_gcn_mask_split_id,WhiteBox-HASDC,raw_plain_residual,0.0,8,0.0,5.0,none,raw_plain_residual,7600,932,5,3648,2432,1520,0.4413377046585083,0.3384045958518982,0.3151315748691559,0,True,0.989,,,,,
actor,3,3,3,geom_gcn_mask_split_id,WhiteBox-HASDC,raw_plain_residual,0.0,12,0.0,5.0,none,raw_plain_residual,7600,932,5,3648,2432,1520,0.46957236528396606,0.33429276943206787,0.3125,0,True,1.139,,,,,
actor,3,3,3,geom_gcn_mask_split_id,WhiteBox-HASDC,raw_plain_residual,0.0,16,0.0,5.0,none,raw_plain_residual,7600,932,5,3648,2432,1520,0.4714912176132202,0.3293585479259491,0.31578946113586426,0,True,0.905,,,,,
actor,3,3,3,geom_gcn_mask_split_id,WhiteBox-HASDC,hasdc_channel_select,0.5,8,0.0,5.0,sparse_cg_equivalent_layer1,hasdc_channel_select_plain_residual,7600,932,5,3648,2432,1520,0.4599780738353729,0.3408717215061188,0.3125,6,True,3.821,0.5046,0.4409,0.5149,0.5977,0.4548
actor,3,3,3,geom_gcn_mask_split_id,WhiteBox-HASDC,hasdc_channel_select,1.0,8,0.0,5.0,sparse_cg_equivalent_layer1,hasdc_channel_select_plain_residual,7600,932,5,3648,2432,1520,0.4413377046585083,0.3384045958518982,0.3151315748691559,8,True,4.527,0.5231,0.427,0.5323,0.6041,0.3994
actor,3,3,3,geom_gcn_mask_split_id,WhiteBox-HASDC,hasdc_channel_select,3.0,8,0.0,5.0,sparse_cg_equivalent_layer1,hasdc_channel_select_plain_residual,7600,932,5,3648,2432,1520,0.4413377046585083,0.3384045958518982,0.3151315748691559,13,True,5.556,0.4723,0.4521,0.5766,0.6338,0.2593
actor,3,3,3,geom_gcn_mask_split_id,WhiteBox-HASDC,hasdc_channel_select,5.0,8,0.0,5.0,sparse_cg_equivalent_layer1,hasdc_channel_select_plain_residual,7600,932,5,3648,2432,1520,0.4413377046585083,0.3384045958518982,0.3151315748691559,16,True,6.225,0.4861,0.4689,0.5398,0.6421,0.2068
actor,3,3,3,geom_gcn_mask_split_id,WhiteBox-HASDC,hasdc_channel_select,0.5,12,0.0,5.0,sparse_cg_equivalent_layer1,hasdc_channel_select_plain_residual,7600,932,5,3648,2432,1520,0.46957236528396606,0.33429276943206787,0.3125,6,True,3.721,0.4907,0.4972,0.49,0.5292,0.438
actor,3,3,3,geom_gcn_mask_split_id,WhiteBox-HASDC,hasdc_channel_select,1.0,12,0.0,5.0,sparse_cg_equivalent_layer1,hasdc_channel_select_plain_residual,7600,932,5,3648,2432,1520,0.46957236528396606,0.33429276943206787,0.3125,8,True,4.407,0.4769,0.5028,0.4776,0.5135,0.4122
actor,3,3,3,geom_gcn_mask_split_id,WhiteBox-HASDC,hasdc_channel_select,3.0,12,0.0,5.0,sparse_cg_equivalent_layer1,hasdc_channel_select_plain_residual,7600,932,5,3648,2432,1520,0.46957236528396606,0.33429276943206787,0.3125,13,True,5.156,0.4265,0.4859,0.5174,0.491,0.3296
actor,3,3,3,geom_gcn_mask_split_id,WhiteBox-HASDC,hasdc_channel_select,5.0,12,0.0,5.0,sparse_cg_equivalent_layer1,hasdc_channel_select_plain_residual,7600,932,5,3648,2432,1520,0.46957236528396606,0.33429276943206787,0.3125,16,True,6.433,0.3476,0.5,0.5174,0.5135,0.2786
actor,3,3,3,geom_gcn_mask_split_id,WhiteBox-HASDC,hasdc_channel_select,0.5,16,0.0,5.0,sparse_cg_equivalent_layer1,hasdc_channel_select_plain_residual,7600,932,5,3648,2432,1520,0.4714912176132202,0.3293585479259491,0.31578946113586426,6,True,3.843,0.4538,0.4774,0.4876,0.5112,0.4698
actor,3,3,3,geom_gcn_mask_split_id,WhiteBox-HASDC,hasdc_channel_select,1.0,16,0.0,5.0,sparse_cg_equivalent_layer1,hasdc_channel_select_plain_residual,7600,932,5,3648,2432,1520,0.4714912176132202,0.3293585479259491,0.31578946113586426,8,True,4.22,0.4265,0.5141,0.4876,0.4978,0.4343
actor,3,3,3,geom_gcn_mask_split_id,WhiteBox-HASDC,hasdc_channel_select,3.0,16,0.0,5.0,sparse_cg_equivalent_layer1,hasdc_channel_select_plain_residual,7600,932,5,3648,2432,1520,0.4714912176132202,0.3293585479259491,0.31578946113586426,13,True,5.43,0.3775,0.5563,0.5348,0.4775,0.3499
actor,3,3,3,geom_gcn_mask_split_id,WhiteBox-HASDC,hasdc_channel_select,5.0,16,0.0,5.0,sparse_cg_equivalent_layer1,hasdc_channel_select_plain_residual,7600,932,5,3648,2432,1520,0.4714912176132202,0.3293585479259491,0.31578946113586426,16,True,6.173,0.3434,0.5451,0.5935,0.4067,0.3397
actor,3,3,3,geom_gcn_mask_split_id,WhiteBox-HASDC,hasdc_merged,0.5,8,0.0,5.0,sparse_cg_equivalent_layer1,hasdc_merged_plain_residual,7600,932,5,3648,2432,1520,0.45230263471603394,0.3466282784938812,0.31381580233573914,6,True,3.947,0.5046,0.4409,0.5149,0.5977,0.4548
actor,3,3,3,geom_gcn_mask_split_id,WhiteBox-HASDC,hasdc_merged,1.0,8,0.0,5.0,sparse_cg_equivalent_layer1,hasdc_merged_plain_residual,7600,932,5,3648,2432,1520,0.44462719559669495,0.3425164520740509,0.308552622795105,8,True,4.552,0.5231,0.427,0.5323,0.6041,0.3994
actor,3,3,3,geom_gcn_mask_split_id,WhiteBox-HASDC,hasdc_merged,3.0,8,0.0,5.0,sparse_cg_equivalent_layer1,hasdc_merged_plain_residual,7600,932,5,3648,2432,1520,0.4284539520740509,0.32730263471603394,0.3131578862667084,13,True,5.72,0.4723,0.4521,0.5766,0.6338,0.2593
actor,3,3,3,geom_gcn_mask_split_id,WhiteBox-HASDC,hasdc_merged,5.0,8,0.0,5.0,sparse_cg_equivalent_layer1,hasdc_merged_plain_residual,7600,932,5,3648,2432,1520,0.42379385232925415,0.31702303886413574,0.3190789520740509,16,True,6.501,0.4861,0.4689,0.5398,0.6421,0.2068
actor,3,3,3,geom_gcn_mask_split_id,WhiteBox-HASDC,hasdc_merged,0.5,12,0.0,5.0,sparse_cg_equivalent_layer1,hasdc_merged_plain_residual,7600,932,5,3648,2432,1520,0.4750548303127289,0.33552631735801697,0.3236842155456543,6,True,3.835,0.4907,0.4972,0.49,0.5292,0.438
actor,3,3,3,geom_gcn_mask_split_id,WhiteBox-HASDC,hasdc_merged,1.0,12,0.0,5.0,sparse_cg_equivalent_layer1,hasdc_merged_plain_residual,7600,932,5,3648,2432,1520,0.46957236528396606,0.3322368562221527,0.3118421137332916,8,True,4.668,0.4769,0.5028,0.4776,0.5135,0.4122
actor,3,3,3,geom_gcn_mask_split_id,WhiteBox-HASDC,hasdc_merged,3.0,12,0.0,5.0,sparse_cg_equivalent_layer1,hasdc_merged_plain_residual,7600,932,5,3648,2432,1520,0.4465460479259491,0.3083881437778473,0.31578946113586426,13,True,5.479,0.4265,0.4859,0.5174,0.491,0.3296
actor,3,3,3,geom_gcn_mask_split_id,WhiteBox-HASDC,hasdc_merged,5.0,12,0.0,5.0,sparse_cg_equivalent_layer1,hasdc_merged_plain_residual,7600,932,5,3648,2432,1520,0.43558114767074585,0.31044408679008484,0.316447377204895,16,True,6.711,0.3476,0.5,0.5174,0.5135,0.2786
actor,3,3,3,geom_gcn_mask_split_id,WhiteBox-HASDC,hasdc_merged,0.5,16,0.0,5.0,sparse_cg_equivalent_layer1,hasdc_merged_plain_residual,7600,932,5,3648,2432,1520,0.47094297409057617,0.32648026943206787,0.3118421137332916,6,True,4.231,0.4538,0.4774,0.4876,0.5112,0.4698
actor,3,3,3,geom_gcn_mask_split_id,WhiteBox-HASDC,hasdc_merged,1.0,16,0.0,5.0,sparse_cg_equivalent_layer1,hasdc_merged_plain_residual,7600,932,5,3648,2432,1520,0.46436402201652527,0.32360196113586426,0.3078947365283966,8,True,4.582,0.4265,0.5141,0.4876,0.4978,0.4343
actor,3,3,3,geom_gcn_mask_split_id,WhiteBox-HASDC,hasdc_merged,3.0,16,0.0,5.0,sparse_cg_equivalent_layer1,hasdc_merged_plain_residual,7600,932,5,3648,2432,1520,0.4520285129547119,0.30921053886413574,0.31118419766426086,13,True,5.539,0.3775,0.5563,0.5348,0.4775,0.3499
actor,3,3,3,geom_gcn_mask_split_id,WhiteBox-HASDC,hasdc_merged,5.0,16,0.0,5.0,sparse_cg_equivalent_layer1,hasdc_merged_plain_residual,7600,932,5,3648,2432,1520,0.45888158679008484,0.3071545958518982,0.29342105984687805,16,True,6.449,0.3434,0.5451,0.5935,0.4067,0.3397
actor,4,4,4,geom_gcn_mask_split_id,WhiteBox-HASDC,smooth_plain_residual,0.5,8,0.0,5.0,sparse_cg_equivalent_layer1,smooth_plain_residual,7600,932,5,3648,2432,1520,0.4660087823867798,0.3203125,0.29605263471603394,6,True,2.867,,,,,
actor,4,4,4,geom_gcn_mask_split_id,WhiteBox-HASDC,smooth_plain_residual,1.0,8,0.0,5.0,sparse_cg_equivalent_layer1,smooth_plain_residual,7600,932,5,3648,2432,1520,0.4624451696872711,0.3190789520740509,0.2967105209827423,8,True,3.547,,,,,
actor,4,4,4,geom_gcn_mask_split_id,WhiteBox-HASDC,smooth_plain_residual,3.0,8,0.0,5.0,sparse_cg_equivalent_layer1,smooth_plain_residual,7600,932,5,3648,2432,1520,0.4517543911933899,0.3059210479259491,0.28684210777282715,13,True,4.436,,,,,
actor,4,4,4,geom_gcn_mask_split_id,WhiteBox-HASDC,smooth_plain_residual,5.0,8,0.0,5.0,sparse_cg_equivalent_layer1,smooth_plain_residual,7600,932,5,3648,2432,1520,0.43941885232925415,0.29605263471603394,0.27368420362472534,16,True,5.16,,,,,
actor,4,4,4,geom_gcn_mask_split_id,WhiteBox-HASDC,smooth_plain_residual,0.5,12,0.0,5.0,sparse_cg_equivalent_layer1,smooth_plain_residual,7600,932,5,3648,2432,1520,0.4788925349712372,0.31578946113586426,0.30657893419265747,6,True,2.879,,,,,
actor,4,4,4,geom_gcn_mask_split_id,WhiteBox-HASDC,smooth_plain_residual,1.0,12,0.0,5.0,sparse_cg_equivalent_layer1,smooth_plain_residual,7600,932,5,3648,2432,1520,0.48218202590942383,0.30921053886413574,0.3059210479259491,8,True,3.373,,,,,
actor,4,4,4,geom_gcn_mask_split_id,WhiteBox-HASDC,smooth_plain_residual,3.0,12,0.0,5.0,sparse_cg_equivalent_layer1,smooth_plain_residual,7600,932,5,3648,2432,1520,0.4750548303127289,0.2956414520740509,0.29144737124443054,13,True,4.496,,,,,
actor,4,4,4,geom_gcn_mask_split_id,WhiteBox-HASDC,smooth_plain_residual,5.0,12,0.0,5.0,sparse_cg_equivalent_layer1,smooth_plain_residual,7600,932,5,3648,2432,1520,0.46683114767074585,0.29070723056793213,0.27565789222717285,16,True,4.762,,,,,
actor,4,4,4,geom_gcn_mask_split_id,WhiteBox-HASDC,smooth_plain_residual,0.5,16,0.0,5.0,sparse_cg_equivalent_layer1,smooth_plain_residual,7600,932,5,3648,2432,1520,0.49671053886413574,0.31332236528396606,0.29078948497772217,6,True,2.213,,,,,
actor,4,4,4,geom_gcn_mask_split_id,WhiteBox-HASDC,smooth_plain_residual,1.0,16,0.0,5.0,sparse_cg_equivalent_layer1,smooth_plain_residual,7600,932,5,3648,2432,1520,0.4906798303127289,0.3059210479259491,0.29605263471603394,8,True,3.131,,,,,
actor,4,4,4,geom_gcn_mask_split_id,WhiteBox-HASDC,smooth_plain_residual,3.0,16,0.0,5.0,sparse_cg_equivalent_layer1,smooth_plain_residual,7600,932,5,3648,2432,1520,0.4950657784938812,0.29481908679008484,0.28881579637527466,13,True,4.066,,,,,
actor,4,4,4,geom_gcn_mask_split_id,WhiteBox-HASDC,smooth_plain_residual,5.0,16,0.0,5.0,sparse_cg_equivalent_layer1,smooth_plain_residual,7600,932,5,3648,2432,1520,0.49177631735801697,0.2841282784938812,0.28684210777282715,16,True,4.528,,,,,
actor,4,4,4,geom_gcn_mask_split_id,WhiteBox-HASDC,raw_plain_residual,0.0,8,0.0,5.0,none,raw_plain_residual,7600,932,5,3648,2432,1520,0.45751097798347473,0.3178454041481018,0.308552622795105,0,True,0.975,,,,,
actor,4,4,4,geom_gcn_mask_split_id,WhiteBox-HASDC,raw_plain_residual,0.0,12,0.0,5.0,none,raw_plain_residual,7600,932,5,3648,2432,1520,0.476425439119339,0.31044408679008484,0.30723685026168823,0,True,0.951,,,,,
actor,4,4,4,geom_gcn_mask_split_id,WhiteBox-HASDC,raw_plain_residual,0.0,16,0.0,5.0,none,raw_plain_residual,7600,932,5,3648,2432,1520,0.4986293911933899,0.30674341320991516,0.30000001192092896,0,True,0.845,,,,,
actor,4,4,4,geom_gcn_mask_split_id,WhiteBox-HASDC,hasdc_channel_select,0.5,8,0.0,5.0,sparse_cg_equivalent_layer1,hasdc_channel_select_plain_residual,7600,932,5,3648,2432,1520,0.4660087823867798,0.3203125,0.29605263471603394,6,True,3.545,0.458,0.5116,0.5229,0.5414,0.465
actor,4,4,4,geom_gcn_mask_split_id,WhiteBox-HASDC,hasdc_channel_select,1.0,8,0.0,5.0,sparse_cg_equivalent_layer1,hasdc_channel_select_plain_residual,7600,932,5,3648,2432,1520,0.4624451696872711,0.3190789520740509,0.2967105209827423,8,True,3.732,0.4533,0.5232,0.4949,0.5701,0.4475
actor,4,4,4,geom_gcn_mask_split_id,WhiteBox-HASDC,hasdc_channel_select,3.0,8,0.0,5.0,sparse_cg_equivalent_layer1,hasdc_channel_select_plain_residual,7600,932,5,3648,2432,1520,0.45751097798347473,0.3178454041481018,0.308552622795105,13,True,4.688,0.458,0.4971,0.4467,0.6279,0.3832
actor,4,4,4,geom_gcn_mask_split_id,WhiteBox-HASDC,hasdc_channel_select,5.0,8,0.0,5.0,sparse_cg_equivalent_layer1,hasdc_channel_select_plain_residual,7600,932,5,3648,2432,1520,0.45751097798347473,0.3178454041481018,0.308552622795105,16,True,5.561,0.458,0.5116,0.4392,0.6376,0.3279
actor,4,4,4,geom_gcn_mask_split_id,WhiteBox-HASDC,hasdc_channel_select,0.5,12,0.0,5.0,sparse_cg_equivalent_layer1,hasdc_channel_select_plain_residual,7600,932,5,3648,2432,1520,0.4788925349712372,0.31578946113586426,0.30657893419265747,6,True,3.436,0.4626,0.5116,0.5153,0.5311,0.4922
actor,4,4,4,geom_gcn_mask_split_id,WhiteBox-HASDC,hasdc_channel_select,1.0,12,0.0,5.0,sparse_cg_equivalent_layer1,hasdc_channel_select_plain_residual,7600,932,5,3648,2432,1520,0.476425439119339,0.31044408679008484,0.30723685026168823,8,True,3.797,0.4533,0.5347,0.5051,0.529,0.4591
actor,4,4,4,geom_gcn_mask_split_id,WhiteBox-HASDC,hasdc_channel_select,3.0,12,0.0,5.0,sparse_cg_equivalent_layer1,hasdc_channel_select_plain_residual,7600,932,5,3648,2432,1520,0.476425439119339,0.31044408679008484,0.30723685026168823,13,True,4.65,0.458,0.5777,0.467,0.5599,0.3668
actor,4,4,4,geom_gcn_mask_split_id,WhiteBox-HASDC,hasdc_channel_select,5.0,12,0.0,5.0,sparse_cg_equivalent_layer1,hasdc_channel_select_plain_residual,7600,932,5,3648,2432,1520,0.476425439119339,0.31044408679008484,0.30723685026168823,16,True,5.736,0.4813,0.5,0.5153,0.5984,0.3177
actor,4,4,4,geom_gcn_mask_split_id,WhiteBox-HASDC,hasdc_channel_select,0.5,16,0.0,5.0,sparse_cg_equivalent_layer1,hasdc_channel_select_plain_residual,7600,932,5,3648,2432,1520,0.49671053886413574,0.31332236528396606,0.29078948497772217,6,True,3.114,0.4394,0.5145,0.5507,0.4875,0.5195
actor,4,4,4,geom_gcn_mask_split_id,WhiteBox-HASDC,hasdc_channel_select,1.0,16,0.0,5.0,sparse_cg_equivalent_layer1,hasdc_channel_select_plain_residual,7600,932,5,3648,2432,1520,0.4986293911933899,0.30674341320991516,0.30000001192092896,8,True,3.711,0.4394,0.5261,0.5583,0.4917,0.4669
